security_vs_judicial,government_oversight,individual_vs_collective,emergency_restrictions,domestic_vs_international,toxicity
"{'mean': 66.66666666666667, 'median': 66.66666666666667, 'std': 8.333333333333332, 'min': 58.333333333333336, 'max': 75.0, 'consensus_level': 0.8888888888888888}","{'mean': 7.333333333333334, 'median': 7.333333333333334, 'std': 0.6666666666666665, 'min': 6.666666666666667, 'max': 8.0, 'consensus_level': 0.9166666666666667}","{'mean': 6.0, 'median': 6.0, 'std': 1.0, 'min': 5.0, 'max': 7.0, 'consensus_level': 0.8571428571428571}","{'mean': 6.25, 'median': 6.25, 'std': 0.75, 'min': 5.5, 'max': 7.0, 'consensus_level': 0.8928571428571428}","{'mean': 81.66666666666666, 'median': 81.66666666666666, 'std': 8.333333333333336, 'min': 73.33333333333333, 'max': 90.0, 'consensus_level': 0.9074074074074073}","{'mean': 74.16666666666666, 'median': 74.16666666666666, 'std': 0.8333333333333357}"
