username,pre_war_toxicity,post_war_toxicity,toxicity_change,toxicity_change_pct,pre_war_tones,post_war_tones,pre_war_security_vs_judicial,post_war_security_vs_judicial,security_vs_judicial_change,security_vs_judicial_change_pct,pre_war_government_oversight,post_war_government_oversight,government_oversight_change,government_oversight_change_pct,pre_war_individual_vs_collective,post_war_individual_vs_collective,individual_vs_collective_change,individual_vs_collective_change_pct,pre_war_emergency_restrictions,post_war_emergency_restrictions,emergency_restrictions_change,emergency_restrictions_change_pct,pre_war_domestic_vs_international,post_war_domestic_vs_international,domestic_vs_international_change,domestic_vs_international_change_pct
AmiadCohen,73.33333333333333,75.0,1.6666666666666714,2.2727272727272796,"['cynical', 'frustrated']","['cynical', 'angry']",73.33333333333333,66.0,-7.333333333333329,-9.999999999999993,8.0,7.9,-0.09999999999999964,-1.2499999999999956,6.666666666666667,6.7,0.033333333333333215,0.49999999999999817,4.666666666666667,6.8,2.133333333333333,45.7142857142857,88.33333333333333,66.0,-22.33333333333333,-25.283018867924522
ptr_dvd,75.83333333333333,76.78571428571429,0.9523809523809632,1.2558869701726987,"['cynical', 'angry']","['cynical', 'angry']",36.666666666666664,69.28571428571429,32.61904761904763,88.96103896103898,5.333333333333333,8.0,2.666666666666667,50.000000000000014,3.1666666666666665,6.785714285714286,3.619047619047619,114.2857142857143,2.6666666666666665,6.642857142857143,3.9761904761904767,149.1071428571429,61.666666666666664,80.71428571428571,19.047619047619044,30.888030888030883
