username,pre_war_toxicity,post_war_toxicity,toxicity_change,pre_war_tones,post_war_tones,pre_war_security_judicial,post_war_security_judicial,security_judicial_change,pre_war_govt_oversight,post_war_govt_oversight,govt_oversight_change,pre_war_individual_collective,post_war_individual_collective,individual_collective_change,pre_war_emergency,post_war_emergency,emergency_change,pre_war_domestic_international,post_war_domestic_international,domestic_international_change
AmiadCohen,73.33333333333333,75.0,1.6666666666666714,"['cynical', 'frustrated']","['cynical', 'angry']",73.33333333333333,66.0,-7.333333333333329,8.0,7.9,-0.09999999999999964,6.666666666666667,6.7,0.033333333333333215,4.666666666666667,6.8,2.133333333333333,88.33333333333333,66.0,-22.33333333333333
ptr_dvd,75.83333333333333,76.78571428571429,0.9523809523809632,"['cynical', 'angry']","['cynical', 'angry']",36.666666666666664,69.28571428571429,32.61904761904763,5.333333333333333,8.0,2.666666666666667,3.1666666666666665,6.785714285714286,3.619047619047619,2.6666666666666665,6.642857142857143,3.9761904761904767,61.666666666666664,80.71428571428571,19.047619047619044
